title,sold_by,description,img_url,new_price
Nosak Famili Vegetable Oil 2.5L -×6(in a cartoon),Shoppersplace,Nosak Famili Vegetable Oil is 100% pure vegetable oil is a healthy alternative to adulterated oil. It has no additives and is cholesterol free. It’s hard to find unadulterated oil these days.,https://www.gomarket.com.ng/wp-content/uploads/2024/01/Screenshot_2024-01-15-20-42-18-828_com.android.chrome2-220x220.jpg,44000.0
Nosak Famili Quality Palm Oil 2.5L -×6 (in a cartoon) cartoon),Shoppersplace,"Nosak Famili Palm Oil is your perfect choice for healthy cooking. It does not have any pungent smell, doesn’t stick to the tongue as noticed with adulterated oil and also gives your food an amazing flavor.
READ MORE",https://www.gomarket.com.ng/wp-content/uploads/2024/01/Screenshot_2024-01-20-13-22-00-155_com.instagram.android4-220x220.jpg,38500.0
Nosak Famili Vegetable Oil 2.5l,Shoppersplace,"Nosak Famili Vegetable Oil is a natural source of ‘phytochemicals’, which are antioxidants that protect your body against damage from toxins and free radicals.",https://www.gomarket.com.ng/wp-content/uploads/2024/01/Screenshot_2024-01-15-20-42-18-828_com.android.chrome2-220x220.jpg,10450.0
wellsley canola oil 4.75L,Gomarket Store,"Canola oil is widely used in the food industry for baking, frying, sautéing, in salad dressings and more. The oil can also be used as an ingredient in lubricants, candles, cosmetics and inks.",https://www.gomarket.com.ng/wp-content/uploads/2023/12/301737-220x220.jpeg,23650.0
Green Giant Sweet Corn 340g,Gomarket Store,"Green Giant sweetcorn provides you with 1 of your 5 a day.Green Giant sweetcorn is corn on the cob put in a tin in less than 8 hours.Green Giant sweetcorn is made out of 100% natural ingredients.
Green giant swetcorn is made out of 100% natural ingredients. 80g of drained sweet corn = one of your five recommended daily servings of fruit & veg.",https://www.gomarket.com.ng/wp-content/uploads/2023/10/green-giant-sweet-corn-220x220.jpg,1270.5
Crown Premium Pasta Carton (500g x20),Gomarket Store,"Crown Premium Pasta is a high-quality product (made from high protein Durum Wheat) and contains Vitamins and Micronutrients. It’s of premium quality, non-sticky, delightful taste, goes perfectly well as plain with any type of sauce as well as Jollof.
Contains
20 PCS of 500g pasta",https://www.gomarket.com.ng/wp-content/uploads/2023/10/1638037211290-220x220.jpg,14850.0
Royal Amoy White Vinegar 750ml,Gomarket Store,Not Given,https://www.gomarket.com.ng/wp-content/uploads/2023/09/download-1-1-194x220.jpg,1386.0
Heinz Apple Distilled White Vinegar 946ml,Gomarket Store,Not Given,https://www.gomarket.com.ng/wp-content/uploads/2023/09/download-1-202x220.jpg,4389.0
Heinz Apple Cidar Vinegar 946ml,Gomarket Store,Not Given,https://www.gomarket.com.ng/wp-content/uploads/2023/09/applecidervinegarwith5acidity-00013000008143-en-US-220x220.png,4851.0
Laser Olive Oil Pomace 1L,Gomarket Store,Not Given,https://www.gomarket.com.ng/wp-content/uploads/2023/09/laser_olive_oil_1litre__1_-500x500-1-220x220.jpg,13860.0
Dangote Refined Granulated Sugar 250g,Gomarket Store,Not Given,https://www.gomarket.com.ng/wp-content/uploads/2023/06/DANGOTE-REFINED-GRANULATED-SUGAR-250G-6156000061009-220x220.jpg,495.0
Dante Extra Virgin Olive Oil 1L,Gomarket Store,Not Given,https://www.gomarket.com.ng/wp-content/uploads/2023/06/dante-220x220.jpg,12127.5
Nasco Cornflakes Original 500g,Gomarket Store,Not Given,https://www.gomarket.com.ng/wp-content/uploads/2023/05/Untitled-design-2022-07-28T115013.743-220x220.png,3060.75
Sma Gold Baby Milk 2 – 400g,Official Store,"Sma Gold 400g 2 Follow-Up is for children from age 6-12 Months
It has More DHA that contains the necessary vitamins for proper growth in children.
It support child’s mental & physical development",https://www.gomarket.com.ng/wp-content/uploads/2023/03/image010-500x500-2-220x220.png,7390.85
White Flour (Full Custard Bucket),Gomarket Store,Buy a full paint bucket of white baking Flour at the best price,https://www.gomarket.com.ng/wp-content/uploads/2023/03/flour-220x220.jpg,4400.0
Golden Penny Spaghetti (fat)500g – CARTON OF 20PCS,Official Store,"Golden Penny Spaghetti is a long, fat, dry pasta that is very tasty, does not get soggy and is enjoyed in a variety of ways and cooks in ten minutes. Rich in carbohydrates, essential fats, and other nutrients, the result is always a delicious mouth-watering delicacy. Golden Penny Spaghetti can be enjoyed plain with stew, vegetables, as Jollof or fried. It is very tasty and does not get soggy. You can enjoy with friends and family and be rest assured you are filled with vital nutrients and minerals to keep you going.Buy your Golden Penny Spaghetti today on Gomarket at the best price in Nigeria.About Golden PennyThe Golden Penny brand caters to a whole range of food and snack categories: Noodles, Goldenvita, Confectionary Flour, Pasta, Wheat Flour all available in different variants and sizes, delighting millions all over Nigeria and beyond and available at pocket-friendly prices.",https://www.gomarket.com.ng/wp-content/uploads/2023/03/golden-penny-20-piece-220x220.jpg,19635.0
Golden Penny Spaghetti 500g,Gomarket Store,Not Given,https://www.gomarket.com.ng/wp-content/uploads/2022/12/golden-peny-spag-220x220.jpg,1200.0
Indomie Super Pack onion flavor 120g,Gomarket Store,Not Given,https://www.gomarket.com.ng/wp-content/uploads/2022/12/indomie-220x220.jpg,17999.0
Ola Ola Yam Flour 2.2kg,Gomarket Store,"Pounded yam flour is used to make smooth dough called pounded yam. Pounded yam is a special delicacy and very popular food in West Africa. It is similar to mashed potatoes except that pounded yam is smoother, heavier and tastier. It is eaten with various types of stew or soup such as vegetable or egusi soup.",https://www.gomarket.com.ng/wp-content/uploads/2022/12/ola-ola-220x220.jpg,17902.5
KTC Pure Sunflower Oil 5L,Gomarket Store,KTC Pure Sunflower Oil 5L,https://www.gomarket.com.ng/wp-content/uploads/2022/12/ktc-sunflower-220x220.png,16747.5
Saffola Peeled Plum Tomators 400g,Gomarket Store,Not Given,https://www.gomarket.com.ng/wp-content/uploads/2022/11/PHOTO-2022-11-26-18-49-37-220x220.jpg,1155.0
Pringles Texas BBQ Sace 40g,Gomarket Store,Not Given,https://www.gomarket.com.ng/wp-content/uploads/2022/11/82b7d558-1428-47d7-811e-873ea2788316-220x220.jpg,952.88
Heinze Ketchup 1.25kg,Gomarket Store,"Heinz Tomato Ketchup is a brand of ketchup produced by the H. J. Heinz Company. It is the highest-selling product the company has ever distributed. Besides glass bottles, Heinz ketchup comes in squeezable plastic containers and single-serving packets.",https://www.gomarket.com.ng/wp-content/uploads/2022/11/heinz-220x220.jpg,6352.5
Lami Brown shawarma bread,Gomarket Store,Not Given,https://www.gomarket.com.ng/wp-content/uploads/2022/11/lebanese_bread_1-220x220.jpg,1650.0
Kelloggs Crunchy Nut 500g,Gomarket Store,"The Crunchy Nut range brings you an irresistible selection of truly delicious choices.
Golden Flakes of Corn with Sugar, Peanuts and Honey.
Enjoy as part of a varied & balanced diet and a healthy lifestyle.",https://www.gomarket.com.ng/wp-content/uploads/2022/11/kelloggs-crunchy-nut-220x220.jpeg,5544.0
Lamis White Flour 1kg,Gomarket Store,"We’ve got everything from flour, baking powder, baking soda, cake mix, cake decor, food essence, food colour, icing sugar and so much more.",https://www.gomarket.com.ng/wp-content/uploads/2022/11/lamis-220x220.jpg,2541.0
Palm Oil 2.5L,Gomarket Store,2 Litre Fresh Palm Oil,https://www.gomarket.com.ng/wp-content/uploads/2022/10/palm-oil-220x220.jpg,4620.0
Sunola Soya Oil 1.9 litres,Gomarket Store,"A nutritious and completely balanced oil containing adequate nutrient levels. Made from Soya beans, Sunola Oil is healthy and does not control harmful cholesterols. Sunola soya oil is made from soya and is very pure, therefore healthy enough to be used in cooking for the whole family.",https://www.gomarket.com.ng/wp-content/uploads/2022/07/1-4-6-220x220.jpg,5775.0
De Rica Tomato Paste – 800g,Gomarket Store,"For tasty dishes
Del Rico is a superior brand of tomato paste.
It provides vitamins and minerals all which make your meal more special.
It has a similar nutritional value of fresh tomatoes and GoMarket recommends it.",https://www.gomarket.com.ng/wp-content/uploads/2022/03/De-rica-220x220.jpg,2194.5
Amoy Dark Soy Sauce-625ml,Gomarket Store,Amoy dark soy sauce is wonderfully versatile. It enhances the sweetness and richness of your cooking. Add Amoy dark soy sauce when frying or grilling meat or veg to bring out the flavor.,https://www.gomarket.com.ng/wp-content/uploads/2022/03/1591183861.Amoy-Dark-Soy-Sauce-625ml-400x400-4-220x220.jpg,4042.5
Amoy Light Soy Sauce 625ml,Gomarket Store,"Amoy Light Soy Sauce brings out the intensity of savory flavors. Brush onto chicken wings or ribs before barbecuing. Splash onto a salad for an interesting twist. King Prawn skewers with a crunchy Asian coleslaw with a hint of sweet Thai chili. Quick and easy, great for barbecues. It is suitable for vegetarians. Salt crystals may form naturally in this product.",https://www.gomarket.com.ng/wp-content/uploads/2022/03/71ojyCmej4L._AC_SX569_-220x220.jpg,4042.5
Laser Extra Virgin Olive Oil -1 L,Gomarket Store,"Our Laser Extra Virgin Olive Oil is carefully produced with the finest farm grown Spanish olives via a chemical-free process that involves only pressure, resulting in a naturally level of low acidity. As a result, our olive oil is more palatable and agreeable to consume. It’s considered to be one of the finest and fruitiest olive oils around today. Drizzle over a house salad and garnish to perfection.",https://www.gomarket.com.ng/wp-content/uploads/2022/03/laser_olive_oil_1litre-220x220.jpg,13860.0
Pap Yellow (Ogi),Gomarket Store,Not Given,https://www.gomarket.com.ng/wp-content/uploads/2021/11/Pap-Yellow-Corn-300x300-removebg-preview-220x220.png,577.5
Fally White Vinegar 750ml,Gomarket Store,Not Given,https://www.gomarket.com.ng/wp-content/uploads/2021/07/OIP-1-220x220.jpg,924.0
Crown Premium Spaghetti (500g),Gomarket Store,"Crown Premium Pasta is a high-quality product (made from high protein Durum Wheat) and contains Vitamins and Micronutrients.
It’s of premium quality, non-sticky, delightful taste, goes perfectly well as plain with any type of sauce as well as Jollof.",https://www.gomarket.com.ng/wp-content/uploads/2021/07/download-2-220x220.jpg,1200.0
Honeywell Wheat Flour 1kg,Gomarket Store,"Honeywell Wheatmeal is a wholesome meal that is naturally enriched with the goodness and satisfaction of everyone. Honeywell Wheatmeal is sourced from premium world-class wheat and contains 100% wheat. It is produced under international milling standards which assures customers that it was milled under extremely hygienic conditions. Rich in protein and fiber, Honeywell Wheatmeal is fortified with Vitamin A and naturally enriched with other essential vitamins and minerals including Calcium, Iron and Zinc, making it ideal for the whole family",https://www.gomarket.com.ng/wp-content/uploads/2021/06/Honeywell-wheat-2kg-220x220.png,1732.5
Banga Red Palm Oil 4 Liters,Gomarket Store,"-The Richest Palm Oil Extracted From Fresh Palm Kernel
-It is Healthy For The Heart And Cholesterol Free
-It is Produced in a Clean and Hygienic Environment
-It is non Adulterated and NAFDAC Certified",https://www.gomarket.com.ng/wp-content/uploads/2021/05/banga-220x220.jpg,16170.0
Wesson Canola Oil 4.75L,Gomarket Store,For pure and cholesterol free meal.,https://www.gomarket.com.ng/wp-content/uploads/2021/04/large-198492-220x220.jpg,28875.0
Kellogg’s Frosted Flakes Cereal,Gomarket Store,"Help get your family fueled up for a great day with Kellogg’s Frosted Flakes Cereal. Oven-toasted crunchy corn flakes are perfectly glazed with a sweet frosting. Fortified cereal with 8 essential vitamins and minerals, no cholesterol and 0 grams of fat, they’re great!",https://www.gomarket.com.ng/wp-content/uploads/2021/01/download-76-220x220.jpg,4966.5
Alpen No Sugar Added Muesli 550 g,Gomarket Store,"Get your day off to a great start with our No Added Sugar Muesli. Made from the same blend of rolled oats, whole grain wheat flakes, crunchy hazelnuts, nutty almonds and juicy raisins, it’s equally delicious.
High in fiber
Low in saturated fat
Blend of whole grain oats and wheat",https://www.gomarket.com.ng/wp-content/uploads/2021/01/download-70-220x220.jpg,3811.5
Nestle Frosted Shreddies Original 460g,Gomarket Store,"Frosted Shreddies – whole grain weaved into delicious cereal squares with a tasty frosting, for a satisfyingly crunchy bite at breakfast! Shreddies is a source of iron which contributes to normal energy-yielding metabolism as part of a healthy diet and lifestyle.",https://www.gomarket.com.ng/wp-content/uploads/2023/06/SHREDDIES-460G-220x220.jpeg,7276.5
Kellogg’s Moons and Stars Cereal 400g,Gomarket Store,"Kellogg’s Moons and Stars is wheat based breakfast cereal with yummy chocolaty taste and the goodness of wholegrain shaped liked moons and stars. Kellogg’s Moons and Stars is: *Low in Fat
* Naturally Cholesterol free
* High in protein
* Source of fibre
* High in calcium
* High in Iron
* High in B group vitamins",https://www.gomarket.com.ng/wp-content/uploads/2021/01/download-61-201x220.jpg,4620.0
Kellogg’s Fruit & Fibre 500g,Gomarket Store,"Kellogg’s Fruit & Fibre is whole wheat flakes with raisins, coconut, banana, apple and hazelnuts.
Excellent source of fibre.
Made with wholegrain.",https://www.gomarket.com.ng/wp-content/uploads/2021/01/spmex2470-220x220.jpg,4950.0
Golden Country Corn Flake 500g,Gomarket Store,Not Given,https://www.gomarket.com.ng/wp-content/uploads/2021/01/download-42-220x220.jpg,2656.5
Ayoola poundo yam flour 900g,Gomarket Store,Not Given,https://www.gomarket.com.ng/wp-content/uploads/2020/05/Ayoola-poundo-yam-flour450g-220x220.jpg,3987.5
Kelloggs Corn Flakes 550g,Gomarket Store,"Kellogg’s Corn Flakes are a crispy, golden way to start your day; Made with a simple recipe, every bite is as delicious as the first
A classic, family-favorite cereal that’s perfect for both kids and adults; Enjoy by the bowlful, with yogurt and fruit, or as the base for your favorite desserts and savory dishes
Good source of 8 vitamins and minerals; Cholesterol and fat free (0g monounsaturated fat; 0g polyunsaturated fat); Kosher Pareve
Made with no artificial colors or flavors; A travel-ready food; Pack some cereal in your lunch box for a crispy treat, or stow some in your tote bag, car, and desk for anytime snacking
Includes 1, 12-ounce box of ready-to-eat Corn Flakes Cereal; Packaged for freshness and great taste",https://www.gomarket.com.ng/wp-content/uploads/2020/10/kellogs-220x220.png,4989.6
Greenery Brown Mushrooms,Gomarket Store,"Chestnut mushrooms with roasted chestnuts in a Madeira wine sauce is doing double duty as the perfect side dish or a vegetarian main course. Perfect when you have vegan and meat-eaters gathering around the same table. No need to make two dishes, we can all share!",https://www.gomarket.com.ng/wp-content/uploads/2020/10/mushroom-220x220.jpg,3349.5
OLA-OLA Pounded Yam Flour – 0.907kg,Gomarket Store,Not Given,https://www.gomarket.com.ng/wp-content/uploads/2019/10/1-218-220x220.jpg,9240.0
Grand Pure Soya Oil – 4L,Gomarket Store,"THIS IS PURE REFINED OIL FROM SOYA BEAN SEEDS. IT IS PROCESSED TO ACHIEVE THE QUALITIES OF PURITY, CLARITY AND STABILITY IN VISCOSITY EVEN AT VERY LOW TEMPERATURE.
GRAND PURE SOYA OIL EMITS AN EXCITING AROMA WHILE IN USE AND GUARANTEES DELICIOUS TASTE. IT ALSO DOES NOT FOAM OR FUME AND IS ENRICHED WITH VITAMIN A, WHICH IS KNOWN FOR IMPROVEMENT OF EYESIGHT.
NO CHOLESTEROL
POLY-UNSATURATED FATTY ACIDS -58%
MONO-UNSATURATED FATTY ACIDS -29%
SATURATED FATTY ACIDS -13%",https://www.gomarket.com.ng/wp-content/uploads/2020/09/UAC-Grand-Pure-Oil-220x220.png,10972.5
Elex Peanut 475/510g,Gomarket Store,Peanut like no other,https://www.gomarket.com.ng/wp-content/uploads/2023/10/img_9724-220x220.jpg,4389.0
"Honey Nut Cheerios, Gluten Free Cereal With Oats, 10.8 Oz",Gomarket Store,"CEREAL: Whole grain oats cereal with real honey and natural almond flavor
GLUTEN FREE: Gluten free and simply made without artificial flavors or colors; Good source of iron and calcium
WHOLE GRAIN: First ingredient is whole grain and fortified with 12 essential vitamins and minerals
HEART HEALTHY: Three grams of soluble fiber daily from whole grain oat foods, like Honey Nut Cheerios cereal, in a diet low in saturated fat and cholesterol, may reduce the risk of heart disease. Honey Nut Cheerios cereal provides .75 grams per serving
PERFECT SNACK: A pantry staple for breakfast or a wholesome snack",https://www.gomarket.com.ng/wp-content/uploads/2020/08/cheerios-220x220.jpg,6352.5
Golden Penny Spaghettini 500g,Gomarket Store,A healthy meal for the family.,https://www.gomarket.com.ng/wp-content/uploads/2023/03/C04LXPjojIAWaqo8xgMm54j2ITt2PCVoyrULegQy-220x220.png,1200.0
Ayoola poundo yam flour 1.8kg,Gomarket Store,Not Given,https://www.gomarket.com.ng/wp-content/uploads/2020/05/Ayoola-poundo-yam-flour450g-220x220.jpg,6844.0
Bonita Slim Spaghetti 500g,Gomarket Store,"Bonita Spaghetti is a long, thin, dried cylindrical pasta that is very tasty, does not get soggy and is enjoyed in a variety of ways and cooks in ten minutes. Rich in carbohydrates, essential fats, and other nutrients, the result is always a delicious mouth-watering delicacy. The can be enjoyed plain with stew, vegetables, as Jollof or fried. It is very tasty and does not get soggy. You can enjoy with friends and family and be rest assured you are filled with vital nutrients and minerals to keep you going.",https://www.gomarket.com.ng/wp-content/uploads/2020/05/bonita-spag-220x220.jpg,1155.0
Devon Kings Vegetable Oil – 5 Litres,Gomarket Store,"DEVON KINGS VEGETABLE OIL 5 Liter
King’s cooking oil is produced and hygienically packaged in a world-class, clean manufacturing environment to ensure your cooking oil isn’t adulterated. As long as the packaging seal is unbroken, you are completely assured of the purity and the tamper-evident seal on the King’s 5L Jerry Can testifies to this commitment to quality.
Whether it is quality, affordability or freshness for you, Devon King’s is the right Cooking Oil because it consistently delivers for your family’s everyday needs and offers unbeatable value with every pack size you purchase.",https://www.gomarket.com.ng/wp-content/uploads/2020/05/D5-220x220.jpg,11550.0
Devon Kings Vegetable Oil – 3 Litres,Gomarket Store,"DEVON KINGS VEGETABLE OIL 3 Liter
King’s cooking oil is produced and hygienically packaged in a world-class, clean manufacturing environment to ensure your cooking oil isn’t adulterated. As long as the packaging seal is unbroken, you are completely assured of the purity and the tamper-evident seal on the King’s 3L Jerry Can testifies to this commitment to quality.
Whether it is quality, affordability or freshness for you, Devon King’s is the right Cooking Oil because it consistently delivers for your family’s everyday needs and offers unbeatable value with every pack size you purchase.",https://www.gomarket.com.ng/wp-content/uploads/2020/05/D3-220x220.jpg,7854.0
Devon Kings Vegetable Oil – 2 Litres,Gomarket Store,"DEVON KINGS VEGETABLE OIL 2 Liter
King’s cooking oil is produced and hygienically packaged in a world-class, clean manufacturing environment to ensure your cooking oil isn’t adulterated. As long as the packaging seal is unbroken, you are completely assured of the purity and the tamper-evident seal on the King’s 2L Jerry Can testifies to this commitment to quality.
Whether it is quality, affordability or freshness for you, Devon King’s is the right Cooking Oil because it consistently delivers for your family’s everyday needs and offers unbeatable value with every pack size you purchase.",https://www.gomarket.com.ng/wp-content/uploads/2020/05/D2-220x220.jpg,5775.0
Devon Kings Vegetable Oil – 1 Litre,Gomarket Store,"DEVON KINGS VEGETABLE OIL 1 Liter
King’s cooking oil is produced and hygienically packaged in a world-class, clean manufacturing environment to ensure your cooking oil isn’t adulterated. As long as the packaging seal is unbroken, you are completely assured of the purity and the tamper-evident seal on the King’s 1L Jerry Can testifies to this commitment to quality.
Whether it is quality, affordability or freshness for you, Devon King’s is the right Cooking Oil because it consistently delivers for your family’s everyday needs and offers unbeatable value with every pack size you purchase.",https://www.gomarket.com.ng/wp-content/uploads/2020/05/D1-220x220.jpg,2970.0
Silver Crown Baking Powder – 454g,Gomarket Store,"DOUBLE ACTING BAKING POWDER – A great leavening agent used in all types of delicious baked good recipes
-RESULTS YOU CAN COUNT ON – Get consistent results with our double acting formula
-EASY TO USE – Pop top can with leveling edge
-PLANT BASED – Our baking powder is vegan
-Gluten free",https://www.gomarket.com.ng/wp-content/uploads/2020/05/crown-220x220.jpg,1848.0
Quaker Oats White OATS Tin 500g,Gomarket Store,"Nothing feels so great than a well-served bowl of Quaker White Oats at breakfast or anytime you get the hunger pangs. Quaker Oats comes handy as a quick hunger stopper, filling you up with nourishing goodness.",https://www.gomarket.com.ng/wp-content/uploads/2020/05/oats-220x220.jpg,2136.75
HEINZ CORNED BEEF 340G,Gomarket Store,"Heinz Corned Beef is great tasting, convenient and is ideal for sandwiches and cooked dishes. It is Halal certified.",https://www.gomarket.com.ng/wp-content/uploads/2020/05/corned-220x220.jpg,2425.5
Ayoola Plantain Flour 0.9kg,Gomarket Store,"Ayoola Plantain Flour is another popular product from Ayoola range of products made from unripe plantain.
It is widely used in many parts of West Africa as a healthy version of staple food.
It consists of carbohydrate, dietary fibre, vitamin and minerals. It makes an alternative food for people with diabetics and other health issues.",https://www.gomarket.com.ng/wp-content/uploads/2020/05/ayoola-220x220.jpg,4930.0
Heinz Baked Beans – 200g,Gomarket Store,"Baked Beans in tomato sauce. We could tell you that our Beans are hard to beat. Heinz baked beans don’t just taste great, but are nutritious too; high in fiber, high in protein and low in fat, as well as contributing to 1 of your 5 a day.",https://www.gomarket.com.ng/wp-content/uploads/2020/04/HEINZ-BAKED-BEANS-200G-ONEDOTSTORES-220x220.jpg,808.5
Kellogg’s Frosties 500 g,Gomarket Store,"Kelloggs Frosties 500g; Made from our classic Kellogg’s Corn Flakes but with a tasty frosted coating, Frosties is truly a tasty start to the day. Good source of Vitamins and Minerals. Suitable for vegetarians",https://www.gomarket.com.ng/wp-content/uploads/2020/04/kellogg-220x220.jpg,5544.0
Goya Extra Virgin Olive Oil – 88.75ml,Gomarket Store,"Goya “EXTRA VIRGIN OLIVE OIL” is one of the smartest buys one can make. c Bear in mind that “All Natural” is not “Certified Organic”. It contains NO Cholesterol and No trans fat. This is not oil for cooking, as it has a very low smoke point. It is excellent for salads and for marinating and boasts a pretty low acid level. For cooking try their “Extra Light” product as it has a much higher smoke point. Cooking with golden delicious Goya Extra Virgin Olive Oil not only adds deep flavor to any dish but also delivers nutrients that may actually improve your health.",https://www.gomarket.com.ng/wp-content/uploads/2020/04/goya-oil-220x220.jpg,1386.0
Pringles Salt and Vinegar,Gomarket Store,"Crunch and crackle your way to the bottom of the tube before you even realize you’ve opened it. This delicious flavour combination, a favourite of Brits for generations, delivers a punch and keeps you coming back for more. These tasty stackable treats have the classic Pringles crunch and are ideal for sharing at parties or on long car journeys.",https://www.gomarket.com.ng/wp-content/uploads/2020/04/pringles-salt-vinegar-220x220.jpg,3349.5
So Yummy Caramel Popcorn 45g,Gomarket Store,"IRRESISTIBLY DELICIOUS CARAMEL POPCORNHAND POPPED AND COATED WITH SIGNATURE CARAMEL RECIPE., THAT GUARANTEES A SATISFYING CRUNCHY AND DELICIOUS TESTE.",https://www.gomarket.com.ng/wp-content/uploads/2020/04/images-29-220x220.jpeg,254.1
Infinity Corn Flakes 500g,Gomarket Store,Start off your day with a breakfast kids of all ages will love. Infinity Cereals Corn Flakes is the original & healthy.,https://www.gomarket.com.ng/wp-content/uploads/2020/04/images-28-220x220.jpeg,2541.0
Pure Bliss Rich Creamy Wafers 45g (Pack of 12),Gomarket Store,"This delicious pack of crunchy wafers with rich and smooth strawberry cream filling, covered with crispy wafer biscuits as every layer of the wafer will satisfy your sweet cravings. will make for a great snack at any time of the day. Pure Bliss Wafers is made with only the best and finest ingredients, and available in convenient packs. You will absolutely love it.",https://www.gomarket.com.ng/wp-content/uploads/2020/03/pure-bliss-220x220.png,2887.5
Pure Bliss Strawberry Wafers (Pack of 12),Gomarket Store,"This delicious pack of crunchy wafers with rich and smooth strawberry cream filling, covered with crispy wafer biscuits as every layer of the wafer will satisfy your sweet cravings. will make for a great snack at any time of the day. Pure Bliss Wafers is made with only the best and finest ingredients, and available in convenient packs. You will absolutely love it.",https://www.gomarket.com.ng/wp-content/uploads/2020/03/Pure-Bliss-Strawberry-Cream-Wafers-45g-220x220.jpg,2887.5
Grand Pure Soya Oil (3 Litres),Gomarket Store,"Grand Pure Soya Oil is the ‘healthiest’ cooking oil that is made from carefully selected soya beans seeds using the best manufacturing practice/standard. It has no cholesterol and is endorsed by the Nigerian Heart Foundation (NHF) as “the heart-friendly oil” and also the Nutrition Society of Nigeria (NSN). It is clear, odourless, does not foam nor fume.",https://www.gomarket.com.ng/wp-content/uploads/2019/12/grand-220x220.jpg,8085.0
Power Oil 75cl,Gomarket Store,Not Given,https://www.gomarket.com.ng/wp-content/uploads/2019/11/poweroil-220x220.jpg,2308.85
Sunola Soyabean Oil 2.7 L,Gomarket Store,Not Given,https://www.gomarket.com.ng/wp-content/uploads/2019/10/indomie_instant_noodles_ch-7-220x220.jpg,6814.5
Grand Pure Soya Oil 2.75litres X 6,Gomarket Store,Not Given,https://www.gomarket.com.ng/wp-content/uploads/2019/10/indomie_instant_noodles_ch-6-220x220.jpg,38115.0
Chikki 100g Chicken Noodles Flavour,Gomarket Store,Not Given,https://www.gomarket.com.ng/wp-content/uploads/2019/12/chikki-220x220.jpg,7507.5
Nasco Corn Flakes Original 350 g,Gomarket Store,Not Given,https://www.gomarket.com.ng/wp-content/uploads/2019/10/1-552-220x220.jpg,2656.5
Golden Penny Couscous 500 g,Gomarket Store,Not Given,https://www.gomarket.com.ng/wp-content/uploads/2019/10/1-546-220x220.jpg,1155.0
Golden Penny Spaghetti 500g Carton (20 Packs),Gomarket Store,Not Given,https://www.gomarket.com.ng/wp-content/uploads/2023/03/GP-SPAG-1-500x500-1-220x220.jpg,20000.0
Golden Penny Twist Pasta 500g — X20 Sachets,Gomarket Store,Not Given,https://www.gomarket.com.ng/wp-content/uploads/2023/03/GP-TWIST-500x500-900x900-1-220x220.jpg,17323.85
Honeywell Instant Noddles Chicken Flavor 70g X 40,Gomarket Store,Not Given,https://www.gomarket.com.ng/wp-content/uploads/2019/10/1-543-220x220.jpg,5416.95
Honeywell Semolina – 1.8KG,Gomarket Store,Not Given,https://www.gomarket.com.ng/wp-content/uploads/2019/10/1-540-220x220.jpg,2308.85
Honeywell Semolina 10 kg,Gomarket Store,Not Given,https://www.gomarket.com.ng/wp-content/uploads/2019/10/1-539-220x220.jpg,10972.5
Indomie Noodles Onion Chicken Flavour 70 g Pack of 40,Gomarket Store,Not Given,https://www.gomarket.com.ng/wp-content/uploads/2019/10/1-538-220x220.jpg,12000.0
Kelloggs Coco Pops – 400g,Gomarket Store,Not Given,https://www.gomarket.com.ng/wp-content/uploads/2023/05/Kelloggs-Local-Nigeria-Made-Coco-Pops-400g-220x220.png,2541.0
Kellogg’s Coco Pops Sachet 40 g (NG) x60,Gomarket Store,Not Given,https://www.gomarket.com.ng/wp-content/uploads/2019/10/5-5-220x220.jpg,3927.0
Infinity Cornflakes – 350g X 3pcs,Gomarket Store,Not Given,https://www.gomarket.com.ng/wp-content/uploads/2019/10/1-520-220x220.jpg,6352.5
Checkers Custard Powder Banana 2 kg,Gomarket Store,Not Given,https://www.gomarket.com.ng/wp-content/uploads/2019/10/1-516-220x220.jpg,3811.5
Checkers Custard Powder Vanilla 2 kg,Gomarket Store,Not Given,https://www.gomarket.com.ng/wp-content/uploads/2019/10/1-515-220x220.jpg,3811.5
Nestle Golden Maize Cereal – 800g,Gomarket Store,Not Given,https://www.gomarket.com.ng/wp-content/uploads/2019/10/1-514-220x220.jpg,4620.0
Kellogg’s Rice Krispies 510g,Gomarket Store,Not Given,https://www.gomarket.com.ng/wp-content/uploads/2019/10/1-513-220x220.jpg,4966.5
QUAKER OATS 100% Natural Whole Grain Oatmeal Quick-1minute,Gomarket Store,Not Given,https://www.gomarket.com.ng/wp-content/uploads/2019/10/1-509-220x220.jpg,11060.28
Devon Vegetable Cooking Oil 3 Litres X 6 (carton),Gomarket Store,Not Given,https://www.gomarket.com.ng/wp-content/uploads/2019/10/1-461-220x220.jpg,43890.0
Kings Pure Vegetable Oil 5Ltrs X 4 (carton),Gomarket Store,Not Given,https://www.gomarket.com.ng/wp-content/uploads/2019/10/1-460-220x220.jpg,46200.0
Mamador Pure Vegetable Oil 2.5 L x4,Gomarket Store,Not Given,https://www.gomarket.com.ng/wp-content/uploads/2019/10/1-459-220x220.jpg,27489.0
Nutriben 8 Cereals 4 Fruits 6 Months-3 Years 300 g,Gomarket Store,Not Given,https://www.gomarket.com.ng/wp-content/uploads/2019/10/1-452-220x220.jpg,4273.5
Heinz Baked Beans In Tomato Sauce 415g,Gomarket Store,Not Given,https://www.gomarket.com.ng/wp-content/uploads/2019/10/indomie_instant_noodles_chicken_70g_pack_of_40-94-220x220.jpg,1375.96
Heinz Baked Beans In Tomato Sauce 415g x24 pieces,Gomarket Store,Not Given,https://www.gomarket.com.ng/wp-content/uploads/2019/10/indomie_instant_noodles_chicken_70g_pack_of_40-94-220x220.jpg,26103.0
Baygon Insecticide 500 ml,Gomarket Store,Not Given,https://www.gomarket.com.ng/wp-content/uploads/2023/07/Baygon-220x220.jpg,4620.0
Raid Multi-Purpose Insect Killer Insecticide – (300ml) X2,Gomarket Store,Not Given,https://www.gomarket.com.ng/wp-content/uploads/2019/10/1-32-220x220.png,4620.0
Ola Ola Pounded Yam Flour 907 g,Gomarket Store,Not Given,https://www.gomarket.com.ng/wp-content/uploads/2019/10/indomie_instant_noodles_chicken_70g_pack_of_40-74-220x220.jpg,6600.0
Indomie Noodles Instant Super Pack Noodles Chicken Flavour 120g,Gomarket Store,Not Given,https://www.gomarket.com.ng/wp-content/uploads/2019/10/indomie_instant_noodles_chicken_70g_pack_of_40-1-220x220.jpg,17500.0
Indomie Instant Noodles Chicken 70 g x40,Gomarket Store,Not Given,https://www.gomarket.com.ng/wp-content/uploads/2019/10/indomie_instant_noodles_chicken_70g_pack_of_40-220x220.jpg,11500.0
Honeywell Spaghetti 500 g x20,Gomarket Store,Not Given,https://www.gomarket.com.ng/wp-content/uploads/2019/10/ma-lin-mushrooms-pieces-stems_400g_2-62-220x220.jpg,20500.0
Stovit Jam Rasberry 430 g,Gomarket Store,Not Given,https://www.gomarket.com.ng/wp-content/uploads/2023/09/Stovit_Jam_Raspberry_Apple_430_g__1_-removebg-preview-220x220.png,6997.5
Nutzy Peanut Butter Extra Crunchy 227 g,Gomarket Store,Not Given,https://www.gomarket.com.ng/wp-content/uploads/2019/10/ma-lin-mushrooms-pieces-stems_400g_2-46-220x220.jpg,1320.0
Golden Penny Semovita 5 kg,Gomarket Store,Not Given,https://www.gomarket.com.ng/wp-content/uploads/2019/10/1_1078-110-220x220.jpg,6352.5
Ayoola Foods Beans Flour 900 g,Gomarket Store,Not Given,https://www.gomarket.com.ng/wp-content/uploads/2022/12/food-beans-220x220.jpg,2932.5
Ayoola Foods Poundo Yam Flour 900 g x20,Gomarket Store,Not Given,https://www.gomarket.com.ng/wp-content/uploads/2019/10/1-248-220x220.jpg,75000.0
Lady B Custard Powder 2 kg x2,Gomarket Store,Not Given,https://www.gomarket.com.ng/wp-content/uploads/2019/10/ma-lin-mushrooms-pieces-stems_400g_2-30-220x220.jpg,7507.5
Gold’s Custard Powder 2 kg x2,Gomarket Store,Not Given,https://www.gomarket.com.ng/wp-content/uploads/2019/10/ma-lin-mushrooms-pieces-stems_400g_2-28-220x220.jpg,7623.0
Honeywell Semolina 5 kg,Gomarket Store,Not Given,https://www.gomarket.com.ng/wp-content/uploads/2019/10/1-246-220x220.jpg,5601.75
Titus Sardines 125 g,Gomarket Store,Not Given,https://www.gomarket.com.ng/wp-content/uploads/2019/10/1_1_1-184-220x220.jpg,1350.0
Checkers Custard Powder Vanilla Sachet 400 g,Gomarket Store,Not Given,https://www.gomarket.com.ng/wp-content/uploads/2019/10/ma-lin-mushrooms-pieces-stems_400g_2-24-220x220.jpg,1155.0
Golden Penny Semovita 1 kg,Gomarket Store,Not Given,https://www.gomarket.com.ng/wp-content/uploads/2019/10/1-243-220x220.jpg,1155.0
Checkers Custard Powder Vanilla 1 kg Refill,Gomarket Store,Not Given,https://www.gomarket.com.ng/wp-content/uploads/2019/10/ma-lin-mushrooms-pieces-stems_400g_2-23-220x220.jpg,2200.0
Golden Penny Semovita 2 kg,Gomarket Store,Not Given,https://www.gomarket.com.ng/wp-content/uploads/2019/10/1-243-220x220.jpg,2656.5
Green Giant Sweet Corn – Pack of 2 Tins,Gomarket Store,"Gluten-free
Features high-quality phyto-nutrition profile comprising of dietary fiber, vitamins, and antioxidants
Significant levels of phenolic flavonoid pigment antioxidants such as b-carotenes, and lutein, xanthins and cryptoxanthin pigments along with vitamin A.
Green Giant Sweet corn is a good source of phenolic flavonoid antioxidant, ferulic acid. .
It also contains good levels of some of the valuable B-complex group of vitamins such as thiamin, niacin, pantothenic acid, folates, riboflavin, and pyridoxine.",https://www.gomarket.com.ng/wp-content/uploads/2019/10/coca_cola-196-220x220.jpg,2198.9
Green Steam Crisp Corn – Pack of 6 Tins,Gomarket Store,Not Given,https://www.gomarket.com.ng/wp-content/uploads/2019/10/coca_cola-195-220x220.jpg,6598.9
Dinor Whole Mushroom 400 g,Gomarket Store,Not Given,https://www.gomarket.com.ng/wp-content/uploads/2019/10/coca_cola-191-220x220.jpg,1320.0
White Pearl Red Kidney Beans In Salted Water 400 g,Gomarket Store,Not Given,https://www.gomarket.com.ng/wp-content/uploads/2023/04/download-220x220.jpg,1540.0
Farrows Giant Marrowfat Green Peas 538g,Gomarket Store,"1 of your 5 a day
British grown
High in fiber
Low in sugar
Naturally low in fat
Suitable for vegetarians
High in fiber
Low in sugar
Naturally low in fat",https://www.gomarket.com.ng/wp-content/uploads/2024/01/download-220x220.jpg,1320.0
Heinz Beanz – 200g x 6,Gomarket Store,Not Given,https://www.gomarket.com.ng/wp-content/uploads/2019/10/1-223-220x220.jpg,4042.5
King’s Vegetable Oil- 10L gallon,Gomarket Store,Not Given,https://www.gomarket.com.ng/wp-content/uploads/2019/10/1-221-220x220.jpg,20212.5
Power Oil Pure Vegetable Cooking Oil 2.6 litres,Gomarket Store,Not Given,https://www.gomarket.com.ng/wp-content/uploads/2019/10/1_1_1-158-220x220.jpg,6930.0
Sunripe Whole Sweetcorn (340g) X 6Pcs,Gomarket Store,"The sweet corn is an essential part of meals that delivers the needed nutrients and vitamins for a wholesome lunch or dinner
A natural blend that will surely keep you coming back for more.
Sunripe Whole Sweet Corn is sure to be the perfect complement to any meal.",https://www.gomarket.com.ng/wp-content/uploads/2019/10/1_1078-82-220x220.jpg,7260.0
Titus Sardine – 125g x 25,Gomarket Store,Not Given,https://www.gomarket.com.ng/wp-content/uploads/2019/10/1-212-220x183.jpg,32300.0
Kings Vegetable Oil – 1 Liters ( 12 In A Carton ),Gomarket Store,Not Given,https://www.gomarket.com.ng/wp-content/uploads/2019/10/1_1_1-151-220x220.jpg,32340.0
GOLDEN PENNY SEMOVITA 10kg,Gomarket Store,Not Given,https://www.gomarket.com.ng/wp-content/uploads/2019/10/2-20-220x220.jpg,11434.5
QUAKER OATS White Oats Refill – 500g,Gomarket Store,"100% Whole grain oats
Easy to prepare
Good source of iron and 6 other essential vitamins and minerals
Fibre rich healthy meal
Can lower bad cholesterol in the body
Can help with weight loss",https://www.gomarket.com.ng/wp-content/uploads/2019/10/1-201-220x220.jpg,2079.0
Farrows Giant Marrowfat Green Peas 538g X 6pcs,Gomarket Store,"1 of your 5 a day
British grown
High in fiber
Low in sugar
Naturally low in fat
Suitable for vegetarians
High in fiber
Low in sugar
Naturally low in fat",https://www.gomarket.com.ng/wp-content/uploads/2023/05/Farrows-Giant-Marrowfat-Peas-538g-1-220x220.jpg,7260.0
Cereals Nestle Golden Morn 400g Carton (12pcs),Gomarket Store,"Affordable
Great Value for money
Premium",https://www.gomarket.com.ng/wp-content/uploads/2019/10/1-171-220x220.jpg,17209.5
Golden Penny Pasta Twist 500 g,Gomarket Store,"Highly nutritious
Cooks in ten minutes
Cholesterol free
Easily prepared as plain or jollof
Does not get soggy",https://www.gomarket.com.ng/wp-content/uploads/2023/03/GP-Twist-Pasta-220x220.jpg,866.25
Honeywell Spaghetti 500 g,Gomarket Store,* Non steaky *good for the health,https://www.gomarket.com.ng/wp-content/uploads/2019/10/1-163-220x220.jpg,1200.0
Golden Penny Goldenvita Whole Wheat Meal 1 kg,Gomarket Store,Not Given,https://www.gomarket.com.ng/wp-content/uploads/2019/10/1-242-220x220.jpg,1155.0
Golden Penny Goldenvita Whole Wheat Meal 2 kg,Gomarket Store,Not Given,https://www.gomarket.com.ng/wp-content/uploads/2019/10/1-242-220x220.jpg,2418.9
Golden Penny Goldenvita Whole Wheat Meal 10 kg,Gomarket Store,Not Given,https://www.gomarket.com.ng/wp-content/uploads/2019/10/1-241-220x220.jpg,9900.0
Bolero Custard Powder 2 kg x4,Gomarket Store,Not Given,https://www.gomarket.com.ng/wp-content/uploads/2019/10/ma-lin-mushrooms-pieces-stems_400g_2-20-220x220.jpg,6623.93
Golden Penny Goldenvita Whole Wheat Meal 5 kg,Gomarket Store,Not Given,https://www.gomarket.com.ng/wp-content/uploads/2019/10/1-242-220x220.jpg,5500.0
Exeter Corned Beef Product of France 200 g,Gomarket Store,Not Given,https://www.gomarket.com.ng/wp-content/uploads/2019/10/coca_cola-160-220x220.jpg,2090.0
Exeter Corned Beef Product of Brazil 340 g,Gomarket Store,Not Given,https://www.gomarket.com.ng/wp-content/uploads/2019/10/coca_cola-158-220x220.jpg,4620.0
Exeter Corned Beef 200 g x24,Gomarket Store,Not Given,https://www.gomarket.com.ng/wp-content/uploads/2019/10/coca_cola-157-220x220.jpg,49500.0
King’s Vegetable Oil 3 L,Gomarket Store,Not Given,https://www.gomarket.com.ng/wp-content/uploads/2019/10/1-159-220x220.jpg,6352.5
King’s Vegetable Oil 10 L,Gomarket Store,Not Given,https://www.gomarket.com.ng/wp-content/uploads/2019/10/1-158-220x220.jpg,16747.5
Geisha Mackerel In Tomatoes Sauce (155g) – 50 Cans,Gomarket Store,"Rich in Iron
Rich in Calcium
Rich in Protein
Rich in Vitamin C
Creates pleasant tasting meals",https://www.gomarket.com.ng/wp-content/uploads/2019/10/coca_cola-131-220x220.jpg,33000.0
Golden Morn Maize 400g,Gomarket Store,"Fortified with Vitamin A, Iron & Calcium
Made from Whole Grains
Contains Dietary Fibre
Easy to Prepare
Nourishing & Energy Giving",https://www.gomarket.com.ng/wp-content/uploads/2019/10/coca_cola-100-220x220.jpg,2310.0
Simas Margarine 280 g,Gomarket Store,Not Given,https://www.gomarket.com.ng/wp-content/uploads/2019/10/coca_cola-96-220x220.jpg,635.25
Moi Margarine 250 g,Gomarket Store,Not Given,https://www.gomarket.com.ng/wp-content/uploads/2019/10/coca_cola-93-220x220.jpg,866.25
Moi Margarine 500 g,Gomarket Store,Not Given,https://www.gomarket.com.ng/wp-content/uploads/2019/10/coca_cola-92-220x220.jpg,1732.5
Lamis White Flour 2 kg,Gomarket Store,Not Given,https://www.gomarket.com.ng/wp-content/uploads/2019/10/coca_cola-89-220x220.jpg,4966.5
Golden Penny Margarine 450 g,Gomarket Store,Not Given,https://www.gomarket.com.ng/wp-content/uploads/2019/10/coca_cola-85-220x220.jpg,646.8
Bama Mayonnaise 946 ml,Gomarket Store,"Highly Nutritious
Great for salads, sandwiches or for dips and spreads",https://www.gomarket.com.ng/wp-content/uploads/2019/10/coca_cola-61-220x220.jpg,3694.85
Bama Mayonnaise 236 ml,Gomarket Store,"Highly Nutritious
Great for salads, sandwiches or for dips and spreads",https://www.gomarket.com.ng/wp-content/uploads/2019/10/coca_cola-60-220x220.jpg,1732.5
Mamador Pure Vegetable Oil 1.5 L,Gomarket Store,Not Given,https://www.gomarket.com.ng/wp-content/uploads/2019/10/1-148-220x220.jpg,3811.5
Mamador Pure Vegetable Oil 2.5 L,Gomarket Store,Not Given,https://www.gomarket.com.ng/wp-content/uploads/2019/10/1-146-220x220.jpg,6814.5
Palm Oil 1.5L,Gomarket Store,Not Given,https://www.gomarket.com.ng/wp-content/uploads/2019/10/1-131-220x220.jpg,2887.5
Palm Oil 500 ml,Gomarket Store,Not Given,https://www.gomarket.com.ng/wp-content/uploads/2019/10/1-130-220x220.jpg,1155.0
St Rita DOUBLE CONCENTRATED TOMATO PASTE (Carton)-70g,Gomarket Store,Easy to Open HygienicQuality assured,https://www.gomarket.com.ng/wp-content/uploads/2019/10/1-118-220x220.jpg,10799.25
Golden Penny Instant Noodles – 70g Carton,Gomarket Store,Not Given,https://www.gomarket.com.ng/wp-content/uploads/2019/10/1_1_1-56-220x220.jpg,7276.5
De Rica tomato paste 200g,Gomarket Store,Not Given,https://www.gomarket.com.ng/wp-content/uploads/2019/10/1-101-220x220.jpg,635.25
Palm Oil 5 litres,Gomarket Store,Not Given,https://www.gomarket.com.ng/wp-content/uploads/2019/10/1_1_1-48-220x220.jpg,8662.5
Indomie NOODLES – BELLE FULL Chicken Flavour – 280g X 16PCS (1 Carton),Gomarket Store,"Instant Noodles
280g X 16pcs
Highly Nutritious
Easy to prepare
Excellent and satisfying taste
Affordable",https://www.gomarket.com.ng/wp-content/uploads/2019/10/3-7-220x220.jpg,29400.0
Heinz Tomato Ketchup 300 g,Gomarket Store,"Heinz Tomato Ketchup is a brand of ketchup produced by the H. J. Heinz Company. It is the highest-selling product the company has ever distributed. Besides glass bottles, Heinz ketchup comes in squeezable plastic containers and single-serving packets.",https://www.gomarket.com.ng/wp-content/uploads/2019/10/coca_cola-2-220x220.jpg,1617.0
Devon Kings Vegetable Cooking Oil – 25 Litres,Gomarket Store,Enjoy the very best of Devon King’s Groundnut Oil. Rich in vitamins and suitable for everyday cooking. Available in various sizes.,https://www.gomarket.com.ng/wp-content/uploads/2023/06/1-220x220.jpg,48510.0
